Name,Team,Position,Played,PassingYards,PassingTouchdowns,PassingInterceptions,RushingYards,RushingTouchdowns,Receptions,ReceivingYards,ReceivingTouchdowns,FumblesLost,FantasyPointsPerGame,FantasyPoints
Cam Newton,CAR,QB,16,3837,35,10,636,10,0,0,0,4,24.3,389.08
Tom Brady,NE,QB,16,4770,36,7,53,3,1,36,0,2,21.5,343.7
Russell Wilson,SEA,QB,16,4024,34,8,553,1,0,0,0,3,21,336.26
Blake Bortles,JAX,QB,16,4428,35,18,310,2,0,0,0,5,19.8,316.12
Carson Palmer,ARI,QB,16,4671,35,11,24,1,0,0,0,2,19.3,309.24
Drew Brees,NO,QB,15,4870,32,11,14,1,0,0,0,2,20.3,304.2
Aaron Rodgers,GB,QB,16,3821,31,8,344,1,0,0,0,4,18.8,301.24
Kirk Cousins,WAS,QB,16,4166,29,11,48,5,0,0,0,3,18.3,293.44
Matthew Stafford,DET,QB,16,4262,32,13,159,1,1,-6,0,2,18.1,289.78
Eli Manning,NYG,QB,16,4432,35,14,70,0,0,0,0,4,18,288.28
Ryan Fitzpatrick,NYJ,QB,16,3905,31,15,270,2,0,0,0,2,17.8,285.2
Philip Rivers,LAC,QB,16,4792,29,13,28,0,0,0,0,2,17.8,284.48
Jameis Winston,TB,QB,16,4042,22,15,213,6,0,0,0,2,17.2,274.98
Derek Carr,OAK,QB,16,3987,32,13,138,0,0,0,0,3,17,271.28
Alex Smith,KC,QB,16,3486,20,7,498,2,0,0,0,0,17,271.24
Tyrod Taylor,BUF,QB,14,3035,20,6,568,4,1,4,0,1,19.3,270.6
Ryan Tannehill,MIA,QB,16,4208,24,12,141,1,1,9,0,3,16.1,257.32
Antonio Brown,PIT,WR,16,0,0,0,28,0,136,1834,10,2,15.4,246.2
Julio Jones,ATL,WR,16,0,0,0,0,2,136,1871,8,1,15.3,245.1
Andy Dalton,CIN,QB,13,3250,25,7,142,3,0,0,0,2,18.8,244.2
Devonta Freeman,ATL,RB,15,0,0,0,1056,11,73,578,3,2,16.2,243.4
Matt Ryan,ATL,QB,16,4591,21,16,63,0,0,0,0,5,14.6,233.94
Adrian Peterson,MIN,RB,16,0,0,0,1485,11,30,222,0,3,14.4,230.7
Brandon Marshall,NYJ,WR,16,0,0,0,0,0,109,1502,14,2,14.4,230.2
Ben Roethlisberger,PIT,QB,12,3938,21,16,29,0,0,-3,0,0,19,228.12
Jay Cutler,CHI,QB,15,3659,21,11,201,1,0,0,0,5,15.1,226.46
Allen Robinson,JAX,WR,16,0,0,0,0,0,80,1400,14,0,14,224
Odell Beckham Jr,NYG,WR,15,0,0,0,3,0,96,1450,13,0,14.9,223.3
DeAndre Hopkins,HOU,WR,16,0,0,0,0,0,111,1521,11,0,13.8,220.1
Marcus Mariota,TEN,QB,12,2818,19,10,252,2,1,41,1,6,17.5,210.02
Teddy Bridgewater,MIN,QB,16,3231,14,9,192,3,0,0,0,3,12.5,200.44
Doug Martin,TB,RB,16,0,0,0,1402,6,33,271,1,5,12.5,199.3
Sam Bradford,PHI,QB,14,3725,19,14,39,0,0,0,0,3,13.9,194.9
DeAngelo Williams,PIT,RB,16,0,0,0,907,11,40,367,0,2,12,191.4
Doug Baldwin,SEA,WR,16,0,0,0,0,0,78,1069,14,0,11.9,190.9
AJ Green,CIN,WR,16,0,0,0,0,0,86,1297,10,1,11.7,187.7
Todd Gurley,LAR,RB,13,0,0,0,1106,10,21,188,0,1,14.4,187.4
Lamar Miller,MIA,RB,16,0,0,0,872,8,47,397,2,1,11.6,184.9
Rob Gronkowski,NE,TE,15,0,0,0,0,0,72,1176,11,0,12.2,183.6
David Johnson,ARI,RB,16,0,0,0,581,8,36,457,4,1,10.9,173.8
Calvin Johnson,DET,WR,16,0,0,0,0,0,88,1214,9,1,10.8,173.4
Chris Ivory,NYJ,RB,15,0,0,0,1070,7,30,217,1,2,11.5,172.7
Eric Decker,NYJ,WR,15,0,0,0,0,0,80,1027,12,1,11.5,172.7
Larry Fitzgerald,ARI,WR,16,0,0,0,0,0,109,1215,9,2,10.7,171.5
Matt Forte,CHI,RB,13,0,0,0,898,4,44,389,3,1,13.1,170.7
Brandin Cooks,NO,WR,16,0,0,0,18,0,84,1138,9,0,10.6,169.6
Brian Hoyer,HOU,QB,11,2606,19,7,44,0,0,0,0,2,15.1,166.64
Latavius Murray,OAK,RB,16,0,0,0,1066,6,41,232,0,1,10.2,163.8
Danny Woodhead,LAC,RB,16,0,0,0,336,3,80,755,6,0,10.2,163.1
Demaryius Thomas,DEN,WR,16,0,0,0,0,0,105,1304,6,2,10.2,162.4
Joe Flacco,BAL,QB,10,2791,14,12,23,3,0,0,0,2,16.2,161.94
Allen Hurns,JAX,WR,15,0,0,0,0,0,64,1031,10,1,10.7,161.1
Frank Gore,IND,RB,16,0,0,0,967,6,34,267,1,3,10,159.4
Jarvis Landry,MIA,WR,16,9,0,0,113,1,110,1157,4,0,10,159.36
Sammy Watkins,BUF,WR,13,0,0,0,1,0,60,1047,9,0,12.2,158.8
Gary Barnidge,CLE,TE,16,0,0,0,0,0,79,1043,9,0,9.9,158.3
Jordan Reed,WAS,TE,14,0,0,0,0,0,87,952,11,2,11.2,157.2
Jeremy Maclin,KC,WR,15,0,0,0,14,0,87,1088,8,1,10.4,156.2
Darren McFadden,DAL,RB,16,0,0,0,1089,3,40,328,0,3,9.7,155.7
Jeremy Hill,CIN,RB,16,0,0,0,794,11,15,79,1,3,9.7,155.3
Mark Ingram,NO,RB,12,0,0,0,769,6,50,405,0,1,12.8,153.4
Greg Olsen,CAR,TE,16,0,0,0,0,0,77,1104,7,1,9.4,150.4
Delanie Walker,TEN,TE,15,0,0,0,36,0,94,1088,6,0,10,150.4
Emmanuel Sanders,DEN,WR,15,0,0,0,29,0,76,1135,6,2,9.9,148.4
Jonathan Stewart,CAR,RB,13,0,0,0,989,6,16,99,1,2,11.3,146.8
LeSean McCoy,BUF,RB,12,0,0,0,895,3,32,292,2,2,12.2,146.7
Michael Crabtree,OAK,WR,16,0,0,0,0,0,85,922,9,0,9.1,146.2
Jordan Matthews,PHI,WR,16,0,0,0,0,0,85,997,8,1,9.1,145.7
John Brown,ARI,WR,15,0,0,0,22,0,65,1003,7,1,9.5,142.5
T.Y. Hilton,IND,WR,16,0,0,0,0,0,69,1124,5,0,8.9,142.4
James Jones,GB,WR,16,0,0,0,0,0,50,890,8,0,8.8,141
Tavon Austin,LAR,WR,16,0,0,0,434,4,52,473,5,2,8.8,140.7
Amari Cooper,OAK,WR,16,0,0,0,-3,0,72,1070,6,1,8.8,140.7
DeMarco Murray,PHI,RB,15,0,0,0,702,6,44,322,1,2,9.4,140.4
Ted Ginn,CAR,WR,15,0,0,0,60,0,44,739,10,0,9.3,139.9
Tyler Eifert,CIN,TE,13,0,0,0,0,0,52,615,13,0,10.7,139.5
Ronnie Hillman,DEN,RB,16,0,0,0,863,7,24,111,0,1,8.6,137.4
Mike Evans,TB,WR,15,0,0,0,0,0,74,1206,3,1,9.1,136.6
Rashad Jennings,NYG,RB,16,0,0,0,863,3,29,296,1,2,8.5,135.9
Giovani Bernard,CIN,RB,16,0,0,0,730,2,49,472,0,0,8.3,132.2
Josh McCown,CLE,QB,8,2109,12,4,98,1,0,0,0,6,16.5,132.16
Andrew Luck,IND,QB,7,1881,15,12,196,0,0,0,0,1,18.7,130.84
Randall Cobb,GB,WR,16,0,0,0,50,1,79,829,6,0,8.1,129.9
Blaine Gabbert,SF,QB,8,2031,10,7,185,1,0,0,0,1,16.2,129.74
Charles Sims,TB,RB,16,0,0,0,529,0,51,561,4,2,8.1,129
Rueben Randle,NYG,WR,16,0,0,0,0,0,57,797,8,0,8,127.7
Jeremy Langford,CHI,RB,16,0,0,0,537,6,22,279,1,0,7.8,125.6
Travis Benjamin,CLE,WR,16,0,0,0,12,0,68,966,5,2,7.7,123.8
James Starks,GB,RB,16,0,0,0,601,2,43,392,3,3,7.7,123.3
Kamar Aiken,BAL,WR,16,0,0,0,0,0,75,944,5,1,7.6,122.4
Michael Floyd,ARI,WR,15,0,0,0,0,0,52,849,6,0,8.1,120.9
Eddie Lacy,GB,RB,15,0,0,0,758,3,20,188,2,2,8,120.6
Martavis Bryant,PIT,WR,11,0,0,0,37,1,50,765,6,1,10.9,120.2
TJ Yeldon,JAX,RB,12,0,0,0,740,2,36,279,1,0,10,119.9
Golden Tate,DET,WR,16,0,0,0,41,0,90,813,6,1,7.5,119.4
Isaiah Crowell,CLE,RB,16,0,0,0,706,4,19,182,1,0,7.4,118.8
Thomas Rawls,SEA,RB,13,0,0,0,830,4,9,76,1,1,9.1,118.6
Travis Kelce,KC,TE,16,0,0,0,0,0,72,875,5,2,7.3,117.5
Brock Osweiler,DEN,QB,8,1967,10,6,61,1,0,0,0,1,14.6,116.78
LeGarrette Blount,NE,RB,12,0,0,0,703,6,6,43,1,0,9.7,116.6
Benjamin Watson,NO,TE,16,0,0,0,0,0,74,825,6,1,7.3,116.5
CJ Anderson,DEN,RB,15,0,0,0,720,5,25,183,0,2,7.8,116.3
Willie Snead,NO,WR,15,0,0,0,0,0,69,984,3,1,7.6,114.4
Pierre Garcon,WAS,WR,16,0,0,0,0,0,72,777,6,0,7.1,113.7
Karlos Williams,BUF,RB,11,0,0,0,517,7,11,96,2,1,10.3,113.3
Charcandrick West,KC,RB,15,0,0,0,634,4,20,214,1,1,7.5,112.8
Julian Edelman,NE,WR,9,0,0,0,23,0,61,692,7,1,12.4,111.5
Colin Kaepernick,SF,QB,9,1615,6,5,256,1,0,0,0,1,12.2,110.2
Donte Moncrief,IND,WR,16,0,0,0,0,0,64,733,6,0,6.8,109.3
Marvin Jones,CIN,WR,16,0,0,0,33,0,65,816,4,0,6.8,108.9
Markus Wheaton,PIT,WR,16,0,0,0,0,0,44,749,5,0,6.7,106.9
Alshon Jeffery,CHI,WR,9,0,0,0,0,0,54,807,4,0,11.6,104.7
Ryan Mathews,PHI,RB,13,0,0,0,539,6,20,146,1,3,8,104.5
Duke Johnson,CLE,RB,16,0,0,0,379,0,61,534,2,0,6.5,103.3
Tyler Lockett,SEA,WR,16,0,0,0,20,0,51,664,6,1,6.4,102.4
Richard Rodgers,GB,TE,16,0,0,0,11,0,58,510,8,0,6.4,102.1
Terrance Williams,DAL,WR,16,0,0,0,0,0,52,840,3,0,6.4,102
Chris Johnson,ARI,RB,11,0,0,0,814,3,6,58,0,2,9.2,101.2
Anquan Boldin,SF,WR,14,0,0,0,0,0,69,789,4,1,7.2,100.9
Javorius Allen,BAL,RB,16,0,0,0,514,1,45,353,2,2,6.3,100.7
Shane Vereen,NYG,RB,16,0,0,0,260,0,59,494,4,0,6.2,99.4
Theo Riddick,DET,RB,16,0,0,0,133,0,80,697,3,1,6.2,99
Jermaine Kearse,SEA,WR,16,0,0,0,0,0,49,685,5,0,6.2,98.5
Stefon Diggs,MIN,WR,13,0,0,0,13,0,52,720,4,0,7.5,97.3
Alfred Blue,HOU,RB,16,0,0,0,698,2,15,109,1,1,6,96.7
Nick Foles,LAR,QB,11,2052,7,10,20,1,0,0,0,2,8.7,96.08
Matt Jones,WAS,RB,13,0,0,0,490,3,19,304,1,4,7.3,95.4
Zach Ertz,PHI,TE,15,0,0,0,0,0,75,853,2,1,6.4,95.3
Johnny Manziel,CLE,QB,9,1500,7,5,230,0,0,0,0,3,10.6,95
Darren Sproles,PHI,RB,16,0,0,0,317,3,55,388,1,0,5.9,94.5
Keenan Allen,LAC,WR,8,0,0,0,0,0,67,725,4,1,11.8,94.5
Antonio Gates,LAC,TE,11,0,0,0,0,0,56,630,5,0,8.5,93
Torrey Smith,SF,WR,16,0,0,0,0,0,33,663,4,0,5.8,92.3
Ameer Abdullah,DET,RB,16,0,0,0,597,2,25,183,1,2,5.8,92
Justin Forsett,BAL,RB,10,0,0,0,641,2,31,153,0,0,9.1,91.4
Peyton Manning,DEN,QB,10,2249,9,17,-6,0,0,0,0,0,9.1,91.36
Matt Hasselbeck,IND,QB,8,1690,9,5,15,0,0,0,0,2,11.4,91.1
Antonio Andrews,TEN,RB,14,41,1,0,520,3,21,174,0,1,6.5,91.04
Rishard Matthews,MIA,WR,11,0,0,0,4,0,43,662,4,0,8.2,90.6
Nate Washington,HOU,WR,14,0,0,0,0,0,47,658,4,0,6.4,89.8
Bilal Powell,NYJ,RB,11,0,0,0,313,1,47,388,2,0,8,88.1
Jason Witten,DAL,TE,16,0,0,0,0,0,77,713,3,1,5.5,87.3
Le'Veon Bell,PIT,RB,6,0,0,0,556,3,24,136,0,0,14.5,87.2
Alfred Morris,WAS,RB,16,0,0,0,751,1,10,55,0,0,5.4,86.6
Kenny Britt,LAR,WR,16,0,0,0,0,0,36,681,3,0,5.4,86.1
Steve Smith,BAL,WR,7,0,0,0,0,0,46,670,3,0,12.1,85
Dion Lewis,NE,RB,7,0,0,0,234,2,36,388,2,1,12,84.2
Joique Bell,DET,RB,13,0,0,0,311,4,22,286,0,0,6.4,83.7
Eric Ebron,DET,TE,14,0,0,0,0,0,47,537,5,0,6,83.7
Danny Amendola,NE,WR,14,36,0,0,11,0,65,648,3,1,6,83.34
James White,NE,RB,14,0,0,0,56,2,40,410,4,0,5.9,82.6
Dorial Green-Beckham,TEN,WR,16,0,0,0,0,0,32,549,4,0,5.1,80.9
Jamaal Charles,KC,RB,5,0,0,0,364,4,21,177,1,2,16,80.1
Seth Roberts,OAK,WR,16,0,0,0,0,0,32,480,5,0,5,80
Cole Beasley,DAL,WR,16,0,0,0,0,0,52,536,5,2,5,79.6
Kyle Rudolph,MIN,TE,16,0,0,0,0,0,49,495,5,0,5,79.5
Spencer Ware,KC,RB,11,0,0,0,403,6,6,5,0,0,7,76.8
Marques Colston,NO,WR,13,0,0,0,0,0,45,520,4,0,5.8,76
Julius Thomas,JAX,TE,12,0,0,0,0,0,46,455,5,0,6.3,75.5
Devin Funchess,CAR,WR,16,0,0,0,0,0,31,473,5,1,4.7,75.3
Melvin Gordon,LAC,RB,14,0,0,0,641,0,33,192,0,4,5.4,75.3
DeSean Jackson,WAS,WR,10,0,0,0,0,0,30,528,4,1,7.5,74.8
Jamison Crowder,WAS,WR,16,0,0,0,2,0,59,604,2,1,4.7,74.6
Tim Hightower,NO,RB,8,0,0,0,375,4,12,129,0,0,9.3,74.4
Andre Johnson,IND,WR,16,0,0,0,0,0,41,503,4,0,4.6,74.3
Vincent Jackson,TB,WR,10,0,0,0,0,0,33,543,3,0,7.4,74.3
Zach Miller,CHI,TE,15,0,0,0,0,0,34,439,5,0,4.9,73.9
Corey Brown,CAR,WR,15,0,0,0,38,0,31,447,4,0,4.8,72.5
Jimmy Graham,SEA,TE,11,0,0,0,0,0,48,605,2,0,6.6,72.5
Malcom Floyd,LAC,WR,15,0,0,0,0,0,30,561,3,1,4.8,72.1
Jacob Tamme,ATL,TE,15,0,0,0,0,0,59,657,1,0,4.8,71.7
Robert Woods,BUF,WR,14,0,0,0,0,0,47,552,3,1,5.1,71.2
Ryan Mallett,BAL,QB,8,1336,5,6,15,1,0,0,0,0,8.9,70.94
Devante Parker,MIA,WR,15,0,0,0,0,0,27,529,3,0,4.7,70.9
Ladarius Green,LAC,TE,13,0,0,0,0,0,37,429,4,0,5.5,70.9
Charles Clay,BUF,TE,13,0,0,0,0,0,51,528,3,0,5.4,70.8
Carlos Hyde,SF,RB,7,0,0,0,470,3,11,53,0,0,10,70.3
Owen Daniels,DEN,TE,16,0,0,0,0,0,46,517,3,0,4.4,69.7
Marshawn Lynch,SEA,RB,7,0,0,0,417,3,13,80,0,0,10,69.7
Coby Fleener,IND,TE,16,0,0,0,0,0,54,491,3,0,4.3,69.1
Jerricho Cotchery,CAR,WR,14,0,0,0,16,0,39,485,3,0,4.9,68.1
Cecil Shorts,HOU,WR,11,21,1,0,47,0,42,484,2,1,6.2,67.94
Heath Miller,PIT,TE,15,0,0,0,2,0,60,535,2,0,4.5,67.7
Steve Johnson,LAC,WR,10,0,0,0,0,0,45,497,3,0,6.8,67.7
Matt Cassel,DAL,QB,10,1276,5,7,78,0,0,0,0,0,6.7,66.84
Brandon Weeden,HOU,QB,6,1043,5,2,47,1,0,0,0,1,11.1,66.42
Crockett Gillmore,BAL,TE,10,0,0,0,0,0,33,412,4,0,6.5,65.2
Mike Tolbert,CAR,FB,16,0,0,0,256,1,18,154,3,0,4.1,65
Dwayne Harris,NYG,WR,15,0,0,0,12,0,36,396,4,0,4.3,64.8
Dontrelle Inman,LAC,WR,14,0,0,0,0,0,35,486,3,1,4.6,64.6
Brian Hartline,CLE,WR,12,0,0,0,0,0,46,523,2,0,5.4,64.3
Joseph Randle,DAL,RB,6,0,0,0,315,4,10,86,0,0,10.7,64.1
Jerick McKinnon,MIN,RB,16,0,0,0,271,2,21,173,1,0,3.9,62.4
Will Tye,NYG,TE,13,0,0,0,0,0,42,464,3,1,4.8,62.4
Kenny Stills,MIA,WR,16,0,0,0,0,0,27,440,3,0,3.9,62
Martellus Bennett,CHI,TE,11,0,0,0,0,0,53,439,3,0,5.6,61.9
Dexter McCluster,TEN,RB,12,0,0,0,247,1,31,260,1,2,5.1,60.7
Kendall Wright,TEN,WR,10,0,0,0,17,0,36,408,3,0,6,60.5
Mike Wallace,MIN,WR,16,0,0,0,6,0,39,473,2,0,3.7,59.9
Andre Ellington,ARI,RB,10,0,0,0,289,3,15,148,0,1,6,59.7
Albert Wilson,KC,WR,14,0,0,0,26,0,35,451,2,0,4.3,59.7
Jonathan Grimes,HOU,RB,14,0,0,0,282,1,26,173,1,0,4.2,59.5
Mohamed Sanu,CIN,WR,16,0,0,0,71,2,33,394,0,0,3.7,58.5
Dez Bryant,DAL,WR,9,0,0,0,0,0,31,401,3,0,6.5,58.1
Brent Celek,PHI,TE,16,0,0,0,0,0,27,398,3,0,3.6,57.8
Austin Seferian-Jenkins,TB,TE,7,0,0,0,0,0,21,338,4,0,8.3,57.8
Chris Thompson,WAS,RB,13,0,0,0,216,0,35,240,2,0,4.4,57.6
Chris Hogan,BUF,WR,16,4,0,0,4,0,36,450,2,0,3.6,57.56
Brandon Coleman,NO,WR,16,0,0,0,0,0,30,454,2,0,3.6,57.4
Roddy White,ATL,WR,16,0,0,0,0,0,43,506,1,0,3.5,56.6
Jordan Cameron,MIA,TE,16,0,0,0,0,0,35,386,3,0,3.5,56.6
Kyle Juszczyk,BAL,FB,16,0,0,0,3,0,41,321,4,0,3.5,56.4
Davante Adams,GB,WR,13,0,0,0,0,0,50,483,1,0,4.3,56.3
Chris Polk,HOU,RB,15,0,0,0,334,1,16,109,1,0,3.8,56.3
Lance Moore,DET,WR,14,0,0,0,0,0,29,337,4,1,4,55.7
AJ McCarron,CIN,QB,7,854,6,2,31,0,0,0,0,1,7.9,55.26
Arian Foster,HOU,RB,4,0,0,0,163,1,22,227,2,1,13.8,55
Khiry Robinson,NO,RB,8,0,0,0,180,4,17,115,0,0,6.7,53.5
Marquess Wilson,CHI,WR,11,0,0,0,0,0,28,464,1,0,4.8,52.4
Brandon LaFell,NE,WR,11,0,0,0,9,0,37,515,0,0,4.8,52.4
Clive Walford,OAK,TE,16,0,0,0,0,0,28,329,3,0,3.2,50.9
Shaun Draughn,SF,RB,11,0,0,0,273,1,27,176,0,0,4.6,50.9
Leonard Hankerson,BUF,WR,10,0,0,0,0,0,26,327,3,0,5.1,50.7
Brandon Bolden,NE,RB,15,0,0,0,207,0,19,180,2,0,3.4,50.7
Vance McDonald,SF,TE,14,0,0,0,0,0,30,326,3,0,3.6,50.6
Harry Douglas,TEN,WR,14,0,0,0,-6,0,36,411,2,1,3.6,50.5
Scott Chandler,NE,TE,15,0,0,0,0,0,23,259,4,0,3.3,49.9
Josh Huff,PHI,WR,15,0,0,0,0,0,27,312,3,0,3.3,49.2
Darren Fells,ARI,TE,14,0,0,0,0,0,21,311,3,0,3.5,49.1
Marcel Reece,OAK,FB,15,0,0,0,36,0,30,269,3,0,3.2,48.5
Jared Cook,LAR,TE,16,0,0,0,0,0,39,481,0,1,3,48.1
CJ Spiller,NO,RB,13,0,0,0,112,0,34,239,2,0,3.6,47.1
Denard Robinson,JAX,RB,13,0,0,0,266,1,21,164,0,1,3.6,47
Cameron Brate,TB,TE,14,0,0,0,0,0,23,288,3,0,3.3,46.8
Quinton Patton,SF,WR,16,0,0,0,5,0,30,394,1,0,2.9,45.9
Fred Jackson,SEA,RB,16,0,0,0,100,0,32,257,2,1,2.9,45.7
Mike Gillislee,BUF,RB,5,0,0,0,267,3,6,29,0,1,9.1,45.6
Jarius Wright,MIN,WR,16,0,0,0,29,0,34,442,0,1,2.8,45.1
Riley Cooper,PHI,WR,16,0,0,0,0,0,21,327,2,0,2.8,44.7
Andre Holmes,OAK,WR,16,0,0,0,0,0,14,201,4,0,2.8,44.1
Case Keenum,LAR,QB,6,828,4,1,5,0,0,0,0,2,7.3,43.62
Darrius Heyward-Bey,PIT,WR,16,0,0,0,0,0,21,314,2,0,2.7,43.4
Bishop Sankey,TEN,RB,13,0,0,0,193,1,14,139,1,1,3.3,43.2
Chris Givens,BAL,WR,16,0,0,0,18,0,20,353,1,0,2.7,43.1
Bryan Walters,JAX,WR,11,0,0,0,0,0,32,368,1,0,3.9,42.8
Zach Mettenberger,TEN,QB,7,935,4,7,8,1,0,0,0,2,6,42.2
Anthony Fasano,TEN,TE,16,0,0,0,0,0,26,289,2,0,2.6,40.9
Tony Romo,DAL,QB,4,884,5,7,13,0,0,0,0,1,10.2,40.66
Tevin Coleman,ATL,RB,12,0,0,0,392,1,2,14,0,3,3.4,40.6
JJ Nelson,ARI,WR,11,0,0,0,0,0,11,299,2,1,3.6,39.9
Vernon Davis,DEN,TE,15,0,0,0,0,0,38,395,0,0,2.6,39.5
Benjamin Cunningham,LAR,RB,16,0,0,0,140,0,26,250,0,0,2.4,39
EJ Manuel,BUF,QB,7,561,3,3,64,1,0,0,0,1,5.5,38.84
Ryan Grant,WAS,WR,16,0,0,0,0,0,23,268,2,0,2.4,38.8
Donald Brown,LAC,RB,10,0,0,0,229,1,8,88,0,0,3.8,37.7
Keshawn Martin,NE,WR,9,0,0,0,6,0,24,269,2,1,4.2,37.5
Ryan Griffin,HOU,TE,9,0,0,0,0,0,20,251,2,0,4.1,37.1
Garrett Celek,SF,TE,11,0,0,0,0,0,19,186,3,0,3.3,36.6
Lance Kendricks,LAR,TE,15,0,0,0,0,0,25,245,2,0,2.4,36.5
Jeremy Butler,BAL,WR,8,0,0,0,0,0,31,363,0,0,4.5,36.3
Ed Dickson,CAR,TE,16,0,0,0,0,2,17,121,2,0,2.3,36.1
Jay Ajayi,MIA,RB,9,0,0,0,187,1,7,90,0,0,4,35.7
Josh Bellamy,CHI,WR,16,0,0,0,0,0,19,224,2,0,2.2,34.4
Andre Williams,NYG,RB,16,0,0,0,257,1,1,7,0,0,2.2,34.4
Larry Donnell,NYG,TE,8,0,0,0,0,0,29,223,2,0,4.3,34.3
Jaelen Strong,HOU,WR,10,0,0,0,0,0,14,161,3,0,3.4,34.1
Mychal Rivera,OAK,TE,16,0,0,0,0,0,32,280,1,0,2.1,34
Ka'Deem Carey,CHI,RB,11,0,0,0,159,2,3,19,1,1,3.1,33.8
Tre Mason,LAR,RB,13,0,0,0,207,1,18,88,0,1,2.6,33.5
Jimmy Clausen,BAL,QB,4,739,2,4,36,0,0,0,0,0,8.3,33.16
Kellen Moore,DAL,QB,3,779,4,6,-1,0,0,0,0,1,11,33.06
Ahmad Bradshaw,IND,RB,6,0,0,0,85,0,10,64,3,0,5.5,32.9
Mark Sanchez,PHI,QB,4,616,4,4,22,0,0,0,0,1,8.2,32.84
Maxx Williams,BAL,TE,14,0,0,0,0,0,32,268,1,0,2.3,32.8
Justin Hunter,TEN,WR,9,0,0,0,0,0,22,264,1,0,3.6,32.4
Nelson Agholor,PHI,WR,13,0,0,0,0,0,23,283,1,1,2.5,32.3
Adam Humphries,TB,WR,13,0,0,0,0,0,27,260,1,0,2.5,32
Quincy Enunwa,NYJ,WR,12,0,0,0,0,0,22,315,0,0,2.6,31.5
Percy Harvin,BUF,WR,5,0,0,0,31,0,19,218,1,0,6.2,30.9
Michael Vick,PIT,QB,5,371,2,1,99,0,0,0,0,0,6.1,30.74
Cameron Artis-Payne,CAR,RB,7,0,0,0,183,1,5,58,0,0,4.3,30.1
Eddie Royal,CHI,WR,9,0,0,0,-1,0,37,238,1,0,3.3,29.7
Marqise Lee,JAX,WR,10,0,0,0,38,0,15,191,1,0,2.9,28.9
Zach Line,MIN,FB,16,0,0,0,10,2,6,95,1,0,1.8,28.5
Miles Austin,PHI,WR,11,0,0,0,0,0,13,224,1,0,2.6,28.4
Jermaine Gresham,ARI,TE,15,0,0,0,0,0,18,223,1,0,1.9,28.3
Robert Turbin,DAL,RB,10,0,0,0,199,1,7,23,0,0,2.8,28.2
Lance Dunbar,DAL,RB,4,0,0,0,67,0,21,215,0,0,7,28.2
Phillip Dorsett,IND,WR,11,0,0,0,17,0,18,225,1,1,2.6,28.2
Travaris Cadet,NO,RB,7,0,0,0,28,0,17,214,1,1,4,28.2
Nick Williams,ATL,WR,14,0,0,0,0,0,17,159,2,0,2,27.9
Marc Mariani,CHI,WR,16,0,0,0,-3,0,22,300,0,1,1.7,27.7
Andrew Hawkins,CLE,WR,8,0,0,0,0,0,27,276,0,1,3.4,27.6
De'Anthony Thomas,KC,WR,10,0,0,0,34,1,17,140,1,1,2.7,27.4
Luke Willson,SEA,TE,14,0,0,0,0,0,17,213,1,0,2,27.3
Jeremy Kerley,NYJ,WR,16,0,0,0,0,0,16,152,2,0,1.7,27.2
Ty Montgomery,GB,RB,6,0,0,0,14,0,15,136,2,0,4.5,27
Greg Jennings,MIA,WR,16,0,0,0,0,0,19,208,1,0,1.7,26.8
Matt Schaub,BAL,QB,2,540,3,4,10,0,0,0,0,0,13.3,26.6
DuJuan Harris,SF,RB,4,0,0,0,189,0,9,97,0,1,6.6,26.6
